"","Explant","Temp","mean","sd","Tukey"
"1","A",32,13.86,0.0599999999999996,"a"
"2","B",32,13.13,0.145258390463339,"b"
"3","A",28,10.8733333333333,0.0251661147842362,"c"
"4","C",28,10.5466666666667,0.105987420637231,"c"
"5","B",28,10.35,0.35,"c"
"6","C",32,8.86666666666667,0.186100331362771,"d"
"7","C",25,5.73333333333333,0.265392790658174,"e"
"8","A",25,5.72666666666667,0.0642910050732863,"e"
"9","B",25,5.53,0.246373699895098,"e"
