"ID","Value"
1,0.645167421826748
2,1.36121150812407
3,0.181843733335172
4,0.494495012189139
5,-0.960508602726731
